MUNICIPI,LATITUD,LONGITUD
Lleida,41.6147186037,0.6266927872
Sant Vicenç dels Horts,41.3932482204,2.0096039624
Forès,41.4923763882,1.2346043063
Granera,41.7517703,2.1206974
Cabrera d'Anoia,41.4776875747,1.7038667649
Tàrrega,41.64633,1.13877
Cogul,41.4669641711,0.6898166033
Planoles,42.3162885051,2.1039190451
Fígols i Alinyà,42.2023802,1.3388228
Castellfollit de la Roca,42.2192764604,2.5499722138
Ripollet,41.495768163,2.1549648509
Riudarenes,41.8225064352,2.717101427
Bruc,41.580657646,1.7797949389
Sant Llorenç de Morunys,42.1386032064,1.591758136
Sant Esteve de Palautordera,41.7032645995,2.4367665555
Plans de Sió,41.7614407281,1.1971651131
Cantallops,42.4228079844,2.926712682
Selva de Mar,42.3263170408,3.188122396
Aiguaviva,41.9383230115,2.7619512929
Àger,41.999219083,0.7635179698
Valls de Valira,42.4295169415,1.4649878037
Viladecavalls,41.5550799,1.95417
Tiurana,41.9758195118,1.2555606257
Quart,42.1372262,1.9312123
Parets del Vallès,41.5731143,2.2338358
Vilaverd,41.3366079416,1.1786465125
Os de Balaguer,41.87142,0.7194199
Ger,42.4105973,1.8454019
Pontons,41.4155234162,1.5168897606
Montornès de Segarra,41.6008730016,1.2299910486
Cadaqués,42.2874612027,3.2772056973
Rourell,41.2249552932,1.2178196208
Oliola,41.8517134,1.2164921
Gósol,42.2370879335,1.6604939368
Verdú,41.6103233605,1.143170224
Setcases,42.3747768845,2.3014948099
Sant Feliu de Pallerols,42.0753384685,2.5067528533
Armentera,42.1715648011,3.0721813322
Sant Jaume dels Domenys,41.2992066369,1.5589370148
Torre de Claramunt,41.5335235372,1.6582692055
Talarn,42.185383906,0.9000603153
Súria,41.830958404,1.7541929194
Espinelves,41.8686856588,2.4175285384
Pontós,42.1879709433,2.9182545896
Gurb,41.9406474424,2.2433459341
Ametlla del Vallès,41.6695344254,2.2614312974
Coll de Nargó,42.1734843377,1.3156882599
Ulldecona,40.5981476,0.4486629
Montclar,42.020176159,1.7650638246
Vilalba Sasserra,41.6529230758,2.4411025762
Castellet i la Gornal,41.25329,1.59049
Ribera d'Urgellet,42.3141065283,1.3819866386
Muntanyola,41.8803858697,2.1797196482
Prats i Sansor,42.3649509056,1.8368389655
Cabó,42.2358465508,1.2461807118
Pobla de Mafumet,41.1874933505,1.2095500528
Sentmenat,41.609252252,2.1370661436
Vilassar de Mar,41.5023871621,2.3924481621
Siurana,42.209715296,2.9942149953
Vilosell,41.3833036855,0.9465843495
Mont-ras,41.9081009044,3.1446607129
Puig-reig,41.9741262388,1.879156667
Montoliu de Segarra,41.5902048045,1.2699142982
Sant Aniol de Finestres,42.0633151299,2.6146354533
Barberà de la Conca,41.4108746698,1.2274511364
Artesa de Segre,41.8957341831,1.0456185635
Camarles,40.7711914003,0.6716488816
Ponts,41.9154301838,1.1863949491
Passanant i Belltall,41.5318640527,1.1970496205
Regencós,41.9528979329,3.1713920845
Artés,41.7980913343,1.9550745672
Vilella Baixa,41.220653438,0.7619076793
Sanaüja,41.87611,1.30989
Vilada,42.1371775636,1.9311044733
Corçà,41.989361209,3.01778568
Alfarràs,41.8298026918,0.5700094892
Subirats,41.3825276985,1.7946814155
Toses,42.3219971763,2.0178338122
Marçà,41.1267597248,0.8031278245
Alpens,42.1193167213,2.1011749014
Sant Feliu de Llobregat,41.3809368136,2.0454989095
Sant Martí Sarroca,41.3839372,1.6115253
Nou de Gaià,41.183053343,1.3732461969
Espot,41.5647465,1.805366
Vallbona d'Anoia,41.519975794,1.7094792211
Vilanova de Segrià,41.7118579407,0.6172029313
Preses,42.1413771795,2.4611285676
Cabra del Camp,41.3953009889,1.2768104028
Maspujols,41.1819151069,1.0458118973
Seva,41.8387138627,2.2802046969
Castell-Platja d'Aro,41.8175284,3.0679303
Ametlla de Mar,40.8852969517,0.8035918721
Oluges,41.6974143112,1.3190814445
Solsona,41.994631821,1.5170890713
Vilallonga del Camp,41.2113997257,1.2058279089
Falset,41.1460812336,0.8200537625
Vilajuïga,42.327433813,3.0941772785
Vandellòs i l'Hospitalet de l'Infant,41.019926031,0.8314252626
Martorell,41.4744961182,1.9308222144
Castell de l'Areny,42.1730883,1.9452014
Sant Fruitós de Bages,41.747880447,1.873610652
Palau-saverdera,42.3075065804,3.1469397416
Figaró-Montmany,41.7212875,2.2729583
Secuita,41.2032229854,1.2794320055
Vallmoll,41.2425615198,1.2489482637
Llers,42.295051871,2.9098443334
Olost,41.9859673088,2.095727123
Tallada d'Empordà,42.0791358,3.0560368
Solivella,41.4559801648,1.1777641059
Sant Martí de Riucorb,41.5593689,1.0544397
Rosselló,41.695937487,0.5959109029
Vilagrassa,41.6481919092,1.1067574113
Castellbell i el Vilar,41.6291097864,1.8610178659
Sant Vicenç de Torelló,42.0625834175,2.2740051316
Guingueta d'Àneu,42.5945468,1.131854
Moià,41.8129142,2.0971132
Sant Feliu de Buixalleu,41.7459457,2.5842826
Roda de Berà,41.1857481474,1.4577056685
Sant Julià de Cerdanyola,42.225691137,1.8940178287
Santa Maria de Besora,42.1268941705,2.257974842
Fontanals de Cerdanya,42.3845003444,1.9030432368
Vendrell,41.220069037,1.5348439257
Cunit,41.1982465314,1.634961882
Anglès,41.9566576007,2.6397937873
Argelaguer,42.2157698282,2.6382950563
Deltebre,40.7190627,0.7239989
Campelles,42.2942924153,2.1401254853
Montesquiu,42.109944,2.209743
Avinyonet de Puigventós,42.2494533307,2.9113767693
Floresta,41.5095847265,0.9203880151
Santa Bàrbara,40.7144376213,0.492792199
Bordils,42.0408492618,2.9133526185
Vilamalla,42.2171404567,2.9710241058
Masies de Voltregà,42.0131207,2.2506548
Vallbona de les Monges,41.5251164,1.0881407
Arnes,40.9099317379,0.260738689
Sant Hilari Sacalm,41.8784801759,2.5079571211
Torre-serona,41.6729506662,0.6310352589
Bagà,42.2528233238,1.8621118888
Salou,41.0821881141,1.1350246945
Sant Iscle de Vallalta,41.6242012274,2.5702678008
Mollet del Vallès,41.5354804038,2.2100332805
Cabrils,41.5263091136,2.3678132373
Viladrau,41.8485109742,2.3904848194
Sant Joan de Mollet,42.0464735451,2.9421486327
Vilafant,42.2500127398,2.941027862
Pont de Vilomara i Rocafort,41.6655918,1.8638682
Torre de l'Espanyol,41.1913988233,0.624880623
Massoteres,41.7975261476,1.3106388828
Sagàs,42.0525734849,1.9635998197
Margalef,41.2844474014,0.7538307757
Ulldemolins,41.3225763649,0.8764175049
Vansa i Fórnols,42.2335387,1.4805818
Sant Llorenç Savall,41.6804686663,2.0575963004
Camós,42.0945472624,2.7672167022
Llinars del Vallès,41.6392116727,2.4043533042
Espluga de Francolí,41.3965983384,1.1045036598
Castellar del Vallès,41.6184256129,2.0874859345
Sant Julià del Llor i Bonmatí,41.973358,2.6536742
Pobla de Massaluca,41.1803356842,0.3536860168
Arbeca,41.5422311615,0.9249772045
Anglesola,41.6589680413,1.0815934625
Riudoms,41.1377115412,1.0510244325
Granyena de les Garrigues,41.4325788801,0.6500556168
Sant Mateu de Bages,41.7986062858,1.7337235103
Navàs,41.9001006425,1.8792611946
Alfara de Carles,40.8729495175,0.4004235722
Canovelles,41.6217029445,2.2769993075
Vilafranca del Penedès,41.3465132017,1.6980386889
Gavet de la Conca,42.1250395929,0.9215346656
Albiol,41.2519807351,1.0898154617
Sitges,41.2349517168,1.8117129659
Sarroca de Bellera,42.3972685683,0.8511247261
Capafonts,41.2949381748,1.026963772
Avià,42.0772395913,1.8227403036
Badia del Vallès,41.5085844973,2.115015489
Riumors,42.22678,3.04292
Masdenverge,40.7154627818,0.5312386983
Aspa,41.4955067882,0.6722452189
Alàs i Cerc,42.351508,1.5076538
Molsosa,41.7974909137,1.5792870591
Olesa de Montserrat,41.5450089109,1.8945704883
Bellpuig,41.6254759859,1.0115309607
Cardedeu,41.6427762,2.3610495
Cervià de Ter,42.0673526191,2.9120217527
Foradada,41.87689,1.01238
Capolat,42.0800524643,1.7544130082
Sant Esteve de la Sarga,42.0797325318,0.7637640655
Maçanet de Cabrenys,42.3859565172,2.7502256454
Papiol,41.4379951982,2.0109879032
Bassella,42.0725581,1.3093073
Bossòst,42.7856,0.69237
Queralbs,42.3486261308,2.1626963395
Menàrguens,41.7294763846,0.7434306655
Port de la Selva,42.3392101741,3.2042765724
Batea,41.094883407,0.3107560072
Masó,41.2346242393,1.2219911726
Alforja,41.2104827165,0.9753841712
Freginals,40.6717140882,0.5199259751
Granadella,41.3555898613,0.6645105781
Cabanyes,41.3714274816,1.6892218403
Cànoves i Samalús,41.6945329121,2.3510817266
Palma d'Ebre,41.282888939,0.6657223494
Cabanelles,42.2306328334,2.819741278
Pedret i Marzà,42.3063836537,3.0830704515
Esterri d'Àneu,42.6286344941,1.123039497
Castellbisbal,41.4761110375,1.9825931174
Cornellà de Llobregat,41.3545939056,2.0729886675
Ullà,42.0506136541,3.1076510865
Llorac,41.5566477563,1.3075597552
Vilamaniscle,42.3749074514,3.0671836134
Estany,41.8686704481,2.1124240552
Prats de Rei,41.7055218506,1.5416287802
Bisbal de Falset,41.28034,0.72313
Sobremunt,42.0358225226,2.1669613443
Camprodon,42.3117463613,2.3648854723
Alcover,41.2630723331,1.1703100985
Lliçà de Vall,41.5861426743,2.2394975877
Agullana,42.3937130708,2.8470684445
Bovera,41.35678,0.66446
Castellfollit de Riubregós,41.7760297,1.4378061
Perelló,40.8750715819,0.7124047758
Castellvell del Camp,41.180934837,1.0967280247
Soriguera,42.3721678079,1.1818090596
Malla,41.888887559,2.2357567962
Vimbodí i Poblet,41.4000625109,1.0511273602
Jorba,41.6017099332,1.54884774
Santa Margarida i els Monjos,41.3207577255,1.6626011845
Pineda de Mar,41.6273077685,2.6893256485
Barberà del Vallès,41.5157836878,2.124951817
Montmell,41.3155222602,1.4535590712
Nou de Berguedà,42.1663939,1.884412
Pont de Suert,42.3162412,0.7458315
Penelles,41.7579159495,0.9655710217
Sant Quirze Safaja,41.727264118,2.1530479794
Bellcaire d'Urgell,41.759474573,0.9062221906
Gavà,41.3039576885,1.9991991726
Alt Àneu,42.63446,1.10819
Juncosa,41.3714457066,0.7754938958
Castellolí,41.5982171971,1.7003261204
Sant Climent de Llobregat,41.3373873756,1.9958522656
Capçanes,41.0997649258,0.7816144688
Sant Antoni de Vilamajor,41.673561796,2.4005891727
Manlleu,41.9999421874,2.2836403211
Fornells de la Selva,41.9344274566,2.8103521547
Llorenç del Penedès,41.2828500111,1.5529400443
Barbens,41.6790651036,1.0184776419
Granada,41.3768418002,1.7194344802
Bausen,42.836626736,0.7173625246
Ullastret,42.0002251225,3.0682876024
Fígols,42.2023805977,1.3387379167
Guixers,42.1323195266,1.6664155434
Montornès del Vallès,41.5458898441,2.2659035406
Prades,41.3095997824,0.9880959218
Vilanova del Camí,41.5722577647,1.634255395
Sant Martí Vell,42.0164078,2.9080316
Palau d'Anglesola,41.6516,0.8808
Llagosta,41.5127215114,2.1928080803
Borredà,42.1356610539,1.9941013207
Pobla de Lillet,42.2437227528,1.9747894024
Aiguafreda,41.7687077701,2.2496124548
Sant Jaume de Frontanyà,42.1872161523,2.0238904321
Preixana,41.6083664332,1.0402142869
Cassà de la Selva,41.8844099312,2.8767869248
Aldover,40.8798589493,0.5000446386
Vall de Boí,42.5626306093,0.8430431519
Escala,42.124898,3.1323601
Pujalt,41.7172201215,1.4222980518
Rupià,42.0204585978,3.0108039285
Borges Blanques,41.5204622,0.8698014
Espolla,42.3912584553,3.0018905128
Corbera d'Ebre,41.0779948462,0.4792928651
Alcanar,40.5430664009,0.4813324922
Puigcerdà,42.4310894015,1.9272304078
Bòrdes,42.7396703053,0.7209241234
Rubí,41.4934899194,2.0310895137
Pradell de la Teixeta,41.1562464239,0.8754426173
Vilanant,42.254505094,2.8902392273
Palamós,41.8463837114,3.1293521266
Galera,40.6822758257,0.4637649381
Garidells,41.20711,1.2476799
Fogars de Montclús,41.7278397634,2.4433747125
Ribera d'Ondara,41.643560529,1.316745806
Santa Coloma de Farners,41.861310443,2.6629646446
Cambrils,41.0709979116,1.0573719258
Amer,42.012365123,2.6038726572
Isòvol,42.36531,1.83731
Montagut i Oix,42.2319271488,2.5963282176
Vilanova de Bellpuig,41.6147801353,0.9612184108
Gombrèn,42.248781657,2.0897434857
Ventalló,42.1489592297,3.0268643475
Vilablareix,41.9524252037,2.7937533256
Olivella,41.3103928591,1.8117091119
Calonge i Sant Antoni,41.8609316,3.0765999
Torrefeta i Florejacs,41.7542858718,1.2753446246
Cabanabona,41.8515802146,1.2173925054
Soses,41.5331799661,0.487553955
Creixell,41.1679157,1.4406295
Serinyà,42.1696229232,2.7454545688
Maià de Montcal,42.17103,2.74474
Olot,42.1830087374,2.4844756109
Bell-lloc d'Urgell,41.6298926666,0.7794268878
Portbou,42.4263906336,3.162426393
Navata,42.2237552034,2.8605308295
Clariana de Cardener,41.934795161,1.6308935012
Torrebesses,41.4265451067,0.5945117166
Vilobí del Penedès,41.3902465126,1.6640953034
Tagamanent,41.7376303305,2.2672146964
Aitona,41.49447,0.45841
Tortellà,42.2328384456,2.6296701295
Tona,41.8499558,2.2295279
Girona,41.9831570414,2.8247952598
Sudanell,41.5576664875,0.5671122488
Colera,42.4040805377,3.1505042595
Fondarella,41.6350654097,0.8745195667
Planes d'Hostoles,42.057375875,2.5377267919
Sant Julià de Ramis,42.0348644196,2.8397920276
Cava,42.32518462,1.5841676297
Xerta,40.90675,0.49056
Vila-rodona,41.3109192045,1.3579174825
Foixà,42.0365699173,3.0006314713
Campdevànol,42.2233169841,2.1689768982
Josa i Tuixén,42.23121,1.5664499
Palafrugell,41.9149953382,3.1642753089
Bonastre,41.2210368211,1.4400076536
Amposta,40.713316,0.580888
Sant Agustí de Lluçanès,42.0938288277,2.1308750602
Ultramort,42.0384868098,3.0356419236
Palol de Revardit,42.069354665,2.7961973523
Rupit i Pruit,42.0234172,2.4646815
Castellar de la Ribera,42.0239688961,1.416732403
Veciana,41.6559380729,1.4885797748
Pardines,42.3123731991,2.2129849946
Albanyà,42.3058543854,2.7215500095
Vallfogona de Balaguer,41.7522793842,0.8152052511
Sant Boi de Lluçanès,42.0587110633,2.1514175297
Conca de Dalt,42.24015,0.96543
Gandesa,41.0520561386,0.4390393298
Sénia,40.6333983,0.2851319
Vilalba dels Arcs,41.1210681679,0.410097262
Prat de Llobregat,41.3306041851,2.0928974953
Oristà,41.9324059866,2.060656578
Figuerola del Camp,41.3737669117,1.2663941836
Vilanova del Vallès,41.5541369653,2.2894133355
Flaçà,42.0468600641,2.9580383894
Vall de Bianya,42.2110303,2.4539469
Jonquera,42.4168045263,2.873080914
Sant Guim de la Plana,41.76252,1.32419
Vila-seca,41.1108830711,1.1448925032
Collsuspina,41.8255470471,2.1751769749
Tírvia,42.5150383769,1.2430575468
Llavorsí,42.4974798002,1.2088668742
Sant Salvador de Guardiola,41.6785918252,1.7665614468
Vic,41.9297579092,2.2551185912
Sidamon,41.6296052,0.8322795
Madremanya,41.9900900806,2.9572629254
Serra de Daró,42.0279535668,3.0727982295
Hostalets de Pierola,41.5335089975,1.770936081
Sant Cugat Sesgarrigues,41.3626636363,1.7523422465
Sant Sadurní d'Osormort,41.9065705338,2.3878077099
Collbató,41.5672661657,1.8294883224
Montgai,41.7996640878,0.9609324394
Llimiana,42.0749680059,0.9159725213
Avinyó,41.8638308422,1.9711367754
Masnou,41.4791335366,2.3191312644
Fontcoberta,42.1429050824,2.7891908885
Ordis,42.2186768414,2.9067790569
Albons,42.10424115,3.0853635315
Urús,42.3501705837,1.8520799697
Sant Climent Sescebes,42.3692638635,2.9806386401
Caldes d'Estrac,41.5725458833,2.5277260297
Llanars,42.3205757904,2.3439372624
Aldea,40.7463348748,0.6190644196
Roca del Vallès,41.6098166,2.2869651
Begur,41.9171933,3.1639125
Sant Boi de Llobregat,41.3474831606,2.0432960158
Alfés,41.5215931677,0.6195644747
Botarell,41.1361049534,0.9890649953
Cornellà del Terri,42.08917,2.8157
Cervera,41.6655858391,1.2709830925
Olvan,42.0568701462,1.9069845784
Rocafort de Queralt,41.4775320471,1.2808126513
Vidreres,41.7904481301,2.7768475524
Vilabella,41.2468720603,1.329990461
Bot,41.0090686614,0.3847180683
Montmajor,42.0192646312,1.7359370934
Senan,41.469929799,1.0882957522
Almacelles,41.7314977113,0.4370881081
Maldà,41.551063106,1.0401583808
Quar,42.1049686239,1.9809076191
Teià,41.4995311371,2.3199368145
Canonja,41.1228074638,1.17889794
Seu d'Urgell,42.3581524275,1.462363979
Molar,41.1632997896,0.7060387504
Linyola,41.710211603,0.9041328835
Castellar del Riu,42.1330586708,1.7099733152
Borrassà,42.2228430891,2.9260843503
Riudecanyes,41.1301150378,0.9609065909
Caseres,41.0385920594,0.250645769
Roses,41.5410511571,2.0739652196
Sant Pere de Vilamajor,41.6850080381,2.3905890961
Cabacés,41.2482181019,0.7346331399
Mollerussa,41.6297859916,0.8940125646
Sant Cugat del Vallès,41.4706779764,2.0852661599
Castell de Mur,42.0922032304,0.8782176064
Font-rubí,41.414123438,1.6517634764
Masarac,42.3506958427,2.9728303331
Susqueda,42.0144352552,2.5468381705
Albi,41.4228890796,0.9363030703
Llacuna,41.4722099,1.53378
Sant Gregori,41.9905406349,2.7601738595
Sant Hipòlit de Voltregà,42.015316278,2.2365003611
Gelida,41.4407442,1.8627309
Puiggròs,41.5511211031,0.8894480472
Sant Vicenç de Montalt,41.578207141,2.5093834474
Pobla de Cérvoles,41.3680752654,0.9152072706
Campins,41.7245629357,2.463544772
Albatàrrec,41.5720412374,0.6050402395
Alins,42.5505574108,1.3197511245
Pinell de Solsonès,41.9707994,1.4001478
Sant Martí Sesgueioles,41.703182246,1.4901775302
Berga,42.1043270988,1.8460389054
Capellades,41.5314261321,1.6858136332
Castellterçol,41.7513942255,2.1205466011
Sant Feliu de Guíxols,41.78034,3.02872
Gratallops,41.194914856,0.7780390866
Alcanó,41.48046,0.61732
Torelló,42.0471495766,2.2605921464
Vilaplana,41.2285339418,1.0331163088
Sales de Llierca,42.2130734,2.641783
Cornudella de Montsant,41.264922841,0.9051755836
Vacarisses,41.6059007947,1.9187621126
Baix Pallars,42.3229847,1.0638361
Sant Quirze de Besora,42.1002709582,2.2227174287
Rasquera,41.001260005,0.5969208427
Sant Jaume d'Enveja,40.7207983,0.7233661
Òrrius,41.5550968427,2.3546007798
Figuera,41.2161988896,0.7316274195
Casserres,42.01434,1.84123
Llançà,42.3658715308,3.1544078836
Naut Aran,42.7072746103,0.9025361627
Vilanova d'Escornalbou,41.112935262,0.9368169368
Martorelles,41.52562682,2.2433181598
Banyoles,42.1164296376,2.7637219681
Avellanes i Santa Linya,41.9366402,0.810357
Nalec,41.5616775053,1.1162760553
Mediona,41.4768389735,1.6112963479
Corbera de Llobregat,41.4162808745,1.9277799384
Tarrés,41.4247531654,1.0212157636
Sant Pere Pescador,42.1879764532,3.0819124082
Molló,42.3464665604,2.4044328899
Viladamat,42.1339234129,3.0742167852
Tarragona,41.1172559896,1.2542965049
Biure,42.33775,2.8955
Mieres,42.12324,2.6402899
Montseny,41.7593074609,2.395176902
Bràfim,41.2687303158,1.3410930492
Savallà del Comtat,41.56486,1.27241
Bellver de Cerdanya,42.3707148711,1.7744645001
Sant Jaume de Llierca,42.2127411929,2.6072091721
Sant Vicenç de Castellet,41.6656898982,1.8639380284
Sant Joan les Fonts,42.2124024239,2.5113657203
Far d'Empordà,42.2511183661,2.9963349913
Isona i Conca Dellà,42.1169552497,1.0439251638
Benifallet,40.9740523384,0.5179239062
Navès,41.9928394378,1.6405519849
Sarrià de Ter,42.0122333,2.8254593
Garrigàs,42.1934728645,2.9541949816
Montgat,41.4665600392,2.279053775
Torroella de Montgrí,42.0411281258,3.126232588
Perafita,42.0414439783,2.106953584
Santa Coloma de Gramenet,41.4515624579,2.2083296891
Camarasa,41.86724,0.84014
Bellmunt d'Urgell,41.7743531483,0.9525171369
Santa Perpètua de Mogoda,41.5345387988,2.1834393611
Corbins,41.6906013782,0.6930110929
Farrera,42.5036211281,1.2734613182
Marganell,41.6401471496,1.7930318344
Lloret de Mar,41.6986163271,2.8476523498
Ivars d'Urgell,41.6820571479,0.9864863415
Pont de Bar,42.3720357,1.605217
Sant Martí d'Albars,42.038931,2.0760046
Santa Susanna,41.6354582531,2.7075055022
Santa Margarida de Montbui,41.5756779759,1.6091539758
Sort,42.413097675,1.1314717222
Argençola,41.597963,1.443127
Sant Ferriol,42.1938625912,2.7127634566
Calaf,41.7341009,1.5107242
Blanes,41.6741028672,2.792166135
Bellvei,41.2413176007,1.5765996715
Balenyà,41.8127978974,2.2345303415
Altafulla,41.1423267537,1.3768219607
Franqueses del Vallès,41.6363250462,2.297289907
Sant Pere de Riudebitlles,41.4535458441,1.7017963431
Campllong,41.8929484927,2.8311846556
Sant Ramon,41.7493130014,1.3671069916
Esterri de Cardós,42.5940645223,1.2631258499
Torre de Cabdella,42.4237823196,0.983405486
Torrelavit,41.4463770584,1.7299751118
Sabadell,41.5463059368,2.10845212
Alamús,41.6159189783,0.7388063189
Garriguella,42.3445893146,3.0645506465
Sils,41.8093345127,2.743659326
Alòs de Balaguer,41.9124326,0.9610936
Ripoll,42.2009986365,2.1907918334
Fulleda,41.4635823481,1.0241401942
Agramunt,41.7870354,1.0988124
Castelldans,41.4964501052,0.7650580744
Montferrer i Castellbò,42.3465428561,1.4241337623
Torrent,41.9518941482,3.1280287412
Argentera,41.137537579,0.9095180955
Arboç,41.2677513152,1.6037573558
Torrefarrera,41.6731939265,0.6069297595
Castellcir,41.7604477078,2.1498401824
Santa Maria de Merlès,42.0010156639,1.9780377215
Albesa,41.7508366134,0.6596689503
Santa Oliva,41.2554387018,1.5518133557
Artesa de Lleida,41.5517477575,0.7032034197
Juneda,41.5489293424,0.825083634
Cubells,41.8527898449,0.956755979
Vinebre,41.1843644123,0.5903807865
Rellinars,41.6372682951,1.9107809489
Garriga,41.6850949324,2.2859037514
Conesa,41.5186165932,1.2911297538
Sant Andreu Salou,41.873492785,2.8254079585
Almatret,41.30554,0.42394
Cistella,42.26845603,2.84743417
Almoster,41.1982246452,1.1127370525
Vilamacolum,42.1962963891,3.0569754424
Móra la Nova,41.0997918522,0.650450894
Garrigoles,42.1036645555,3.0207381395
Porqueres,42.10254,2.78986
Avinyonet del Penedès,41.3609618451,1.7793331322
Lliçà d'Amunt,41.6085386905,2.2393104394
Alió,41.295156058,1.3064773536
Palau-sator,41.9896299747,3.1111307001
Sant Martí de Tous,41.5607908382,1.523378348
Borges del Camp,41.18195,1.04616
Sant Llorenç de la Muga,42.3203086377,2.790249429
Olesa de Bonesvalls,41.3518522883,1.8505108137
Puigpelat,41.2799763943,1.2968125625
Palma de Cervelló,41.4110633148,1.9711168405
Cabrera de Mar,41.5259864648,2.393327562
Bisbal d'Empordà,41.9592461638,3.0376337911
Tossa de Mar,41.7177661,2.9310103
Ampolla,40.8140153,0.7140557
Sarroca de Lleida,41.4585778072,0.5610666106
Vielha e Mijaran,42.7018602236,0.7956381675
Alcoletge,41.6469987462,0.6942465172
Pontils,41.4773846048,1.387905929
Vilella Alta,41.2246882547,0.7813222879
Ossó de Sió,41.7477488,1.1736747
Bolvir,42.418902774,1.880004349
Torà,41.8128864209,1.4028525094
Tivenys,40.9070277453,0.5116168163
Montellà i Martinet,42.3598855749,1.6951042857
Caldes de Malavella,41.8388259951,2.8097321833
Manresa,41.7321151,1.8231456
Guardiola de Berguedà,42.233174034,1.8791911782
Llambilles,41.9208565106,2.8589787911
Benissanet,41.0567971477,0.6349105646
Vilabertran,42.2838856594,2.9795093178
Granja d'Escarp,41.4183771209,0.3521598212
Cerdanyola del Vallès,41.4914256537,2.1408403131
Sant Esteve Sesrovires,41.4932290958,1.8743690697
Mataró,41.5397919667,2.4447732234
Estamariu,42.372937826,1.5225489509
Albagés,41.4470074,0.7408063
Paüls,40.9225158979,0.4001898495
Arbúcies,41.81605363,2.5139155884
Montferri,41.2654141019,1.3652750769
Folgueroles,41.942893827,2.3145405029
Juià,42.0175804556,2.9074182117
Calonge de Segarra,41.765895718,1.4826325206
Breda,41.7486695507,2.5572342342
Mura,41.7002149,1.976114
Lladurs,42.0465778291,1.5077003805
Molins de Rei,41.4136359315,2.0160372618
Saldes,42.2284817055,1.7352294668
Castellví de la Marca,41.3264014117,1.6182192763
Alcarràs,41.562897023,0.5243831781
Tavertet,41.9954847837,2.4173043596
Jafre,42.0719521545,3.010727337
Portella,41.7400154723,0.6392258054
Alpicat,41.6658736299,0.5556831261
Banyeres del Penedès,41.2794178261,1.5808567237
Vilanova de Sau,41.9471694415,2.3836490791
Abella de la Conca,42.1506414517,1.0808336094
Pont d'Armentera,41.3836006718,1.3628857402
Vilademuls,42.1595633,2.9105831
Santa Cristina d'Aro,41.814673772,3.0012039853
Milà,41.2485425435,1.2065830157
Les,41.3761938954,0.8585804156
Gaià,41.9163205143,1.9249119706
Hostalric,41.7457514413,2.6413427839
Orpí,41.5286521243,1.6068804842
Roda de Ter,41.9807005296,2.3092741917
Brunyola i Sant Martí Sapresa,41.919474,2.6535126
Colldejou,41.0999618504,0.8882297827
Ribes de Freser,42.3060716726,2.1677248146
Calella,41.6132629079,2.6569666099
Balaguer,41.7895530731,0.8046542039
Cervelló,41.39616,1.9589
Vilanova de l'Aguda,41.9114814161,1.2526320555
Massanes,41.7663828927,2.6517123538
Piles,41.5038399,1.34247
Fonollosa,41.742075,1.714073
Sant Andreu de la Barca,41.4500998225,1.9713052321
Castellgalí,41.6763623469,1.8427975818
Torre de Fontaubella,41.1244300362,0.8641755449
Vallclara,41.3770722657,0.9816553218
Almenar,41.7979029223,0.5676955797
Torres de Segre,41.5352705974,0.5135682147
Lladorre,42.59274,1.24832
Torrelles de Foix,41.3880698341,1.5722825829
Esparreguera,41.5389907148,1.870647647
Carme,41.5309437909,1.6230129159
Castelló d'Empúries,42.2582868546,3.0742421698
Sant Cebrià de Vallalta,41.6196840948,2.6001293034
Vidrà,42.1222310458,2.3100722122
Monistrol de Montserrat,41.6098211942,1.8427389853
Sant Pere de Ribes,41.262361813,1.7719901108
Saus Camallera i Llampaies,42.1249497544,2.9649145762
Cardona,41.9131295207,1.6805439299
Bellprat,41.5189419057,1.4353016253
Bellvís,41.6722729337,0.8175403478
Arsèguel,42.349926521,1.5828167467
Llardecans,41.3741208684,0.5504761178
Monistrol de Calders,41.7606040453,2.0138929356
Matadepera,41.5966913757,2.0267033787
Pals,41.9710719148,3.1450338321
Sant Celoni,41.6900880942,2.4923433487
Porrera,41.1886662,0.8561361
Vilanova de Prades,41.3480448553,0.9560319248
Fuliola,41.7143446934,1.0188001448
Calafell,41.2007275921,1.5685467356
Vila-sacra,42.266256164,3.018359486
Pobla de Claramunt,41.5550332629,1.6752920824
Sant Joan Despí,41.36789,2.0550711
Barcelona,41.3825106114,2.1771559089
Sant Feliu Sasserra,41.9445357014,2.0223880441
Canejan,42.8402190338,0.7395614388
Riells i Viabrea,41.72426,2.55556
Vallfogona de Ripollès,42.1972335405,2.3038998415
Caldes de Montbui,41.6344700719,2.1621234401
Maials,41.3658584221,0.5053253478
Arres,42.7557705,0.7111268
Sarral,41.444274843,1.2488154293
Salàs de Pallars,42.2119526469,0.9322776195
Poboleda,41.2326817283,0.8452878082
Aguilar de Segarra,41.7393269277,1.6280021133
Bisbal del Penedès,41.2804650516,1.487987841
Viladecans,41.3159852718,2.0200205586
Castelló de Farfanya,41.8204668652,0.7277008638
Bàscara,42.1596296164,2.9105986367
Vilassar de Dalt,41.5170431691,2.3583734716
Baronia de Rialb,41.9279041288,1.1980435576
Vespella de Gaià,41.1952451805,1.3625673042
Palau de Santa Eulàlia,42.1738776107,2.964182186
Vilanova de Meià,41.9956,1.02348
Febró,41.2772465783,1.0051020236
Terrades,42.3102946129,2.8389743968
Senterada,42.3264003566,0.938581835
Badalona,41.4500016728,2.2478747585
Lladó,42.2479569605,2.8132806468
Vilanova i la Geltrú,41.2240909069,1.7259383028
Pacs del Penedès,41.3611011,1.6696949
Biosca,41.8417263599,1.3581584095
Balsareny,41.8631770827,1.8768371109
Vilobí d'Onyar,41.88834262,2.7428121513
Tiana,41.4817465431,2.2690239435
Celrà,42.0271475518,2.8758419206
Òdena,41.6066030224,1.6425943993
Vallfogona de Riucorb,41.5627721612,1.2361854011
Montmeló,41.5515265131,2.2481960395
Belianes,41.5617732469,1.0175370356
Palau-solità i Plegamans,41.5875925603,2.1784158871
Premià de Mar,41.4893959771,2.3566971108
Santa Fe del Penedès,41.3845654612,1.720962449
Piera,41.5181456,1.7435025
Montmaneu,41.6258339,1.4146713
Terrassa,41.562961055,2.0102715356
Maçanet de la Selva,41.776330796,2.7314543352
Rubió,41.6444230561,1.5700383962
Estaràs,41.6879369394,1.3925238246
Algerri,41.8161493,0.6385993
Olèrdola,41.3211299498,1.721671208
Beuda,42.215585,2.6439469
Forallac,41.9590846851,3.0554276424
Castellserà,41.7468820361,0.9858610158
Sant Just Desvern,41.3859327735,2.0755654333
Benavent de Segrià,41.6946853871,0.6344593379
Guimerà,41.5641625477,1.1835947085
Castellar de n'Hug,42.28221609,2.0168047607
Albinyana,41.2455740665,1.4861901749
Santa Cecília de Voltregà,41.9932144294,2.2223881289
Querol,41.4226428171,1.3972030396
Montoliu de Lleida,41.560499595,0.5887609588
Móra d'Ebre,41.0932181,0.6417601
Riudecols,41.1704364191,0.977037482
Esponellà,42.17784,2.79523
Igualada,41.5787365231,1.6175342706
Calldetenes,41.9243226679,2.2844321307
Montcada i Reixac,41.4795409277,2.1873557743
Figueres,42.2673255741,2.960632757
Soleràs,41.4134634901,0.6833165796
Pinell de Brai,41.0177642388,0.5156160994
Brull,41.8168008375,2.3050935645
Santa Maria de Palautordera,41.693039169,2.4460854253
Torredembarra,41.1459108106,1.3959048994
Montbrió del Camp,41.1207692529,1.0034536804
Alella,41.4936685738,2.2951066474
Darnius,42.36815,2.83221
Guiamets,41.1019034373,0.7521371365
Cervià de les Garrigues,41.4274049,0.8609602
Vajol,42.4039412,2.7992833
Sant Martí de Llémena,42.0359573185,2.6475037462
Llosses,42.198849,2.1933386
Massalcoreig,41.4591649367,0.3590626978
Aleixar,41.2016857865,1.0461769558
Olius,41.9777564631,1.5549869396
Orís,42.0581983628,2.2387412852
Sant Fost de Campsentelles,41.5187474568,2.2329168387
Omells de na Gaia,41.4999482476,1.0748267705
Sant Pere de Torelló,42.0758420343,2.2957691286
Pira,41.4242814289,1.2025100614
Golmés,41.6322019035,0.9327559229
Pont de Molins,42.3158678853,2.9302241953
Preixens,41.7925283063,1.0475177489
Llobera,41.922238032,1.4633249738
Parlavà,42.0240824621,3.032261898
Castellfollit del Boix,41.6667584354,1.6836748797
Prullans,42.3777838621,1.7381204538
Espluga Calba,41.4949464781,1.0051897987
Cabanes,42.3070296448,2.9779553858
Ivars de Noguera,41.8503377879,0.5860161204
Rialp,42.4441492413,1.1355845105
Masllorenç,41.2688168252,1.4126668127
Begues,41.3302237211,1.9247529545
Santa Eulàlia de Riuprimer,41.9108809113,2.1880745032
Sant Guim de Freixenet,41.6556554921,1.4185946234
Hospitalet de Llobregat,41.3594915011,2.0997036985
Alguaire,41.7361796992,0.5838768448
Fortià,42.2423932358,3.0403372003
Sant Carles de la Ràpita,40.6201618918,0.5925900532
Pratdip,41.0515436915,0.8715596147
Lles de Cerdanya,42.39055,1.68762
Sant Sadurní d'Anoia,41.4240894094,1.7867583669
Lloar,41.1858614422,0.7509829839
Sant Bartomeu del Grau,41.980639419,2.1763081832
Besalú,42.1988873351,2.69940708
Sant Pau de Segúries,42.2615213859,2.3647405102
Santa Pau,42.1450059066,2.5696788168
Vilanova de la Barca,41.6911914109,0.7291467633
Copons,41.6364862517,1.5186327828
Centelles,41.79807,2.2180943
Cercs,42.1460611217,1.8619801022
Mont-ral,41.2629421,1.1702665
Llagostera,41.8288900115,2.8921616777
Ginestar,41.0422597456,0.6343860015
Santpedor,41.7832491008,1.8390949602
Ivorra,41.771979389,1.3957461033
Pla de Santa Maria,41.3655763801,1.2887683268
Granollers,41.608160169,2.2873099918
Guils de Cerdanya,42.448739833,1.8800724272
Santa Maria d'Oló,41.874,2.035
Sant Joan de les Abadesses,42.2326602084,2.2849071539
Capmany,42.3724212359,2.9205270713
Canyelles,41.2882185755,1.723174575
Reus,41.1553174356,1.1088008875
Puigdàlber,41.4039802837,1.7006618403
Torms,41.3942089661,0.7197884486
Sunyer,41.5234396311,0.5917271444
Viver i Serrateix,41.946728424,1.7785306496
Nulles,41.2494164263,1.2952253372
Tarroja de Segarra,41.7328488192,1.2769104455
Vilaür,42.1434956367,2.9549681158
Premià de Dalt,41.50818033,2.3457355254
Pinós,41.8286273479,1.5431801383
Rodonyà,41.279739535,1.3990279815
Sant Miquel de Campmajor,42.1259334132,2.6843029615
Sant Andreu de Llavaneres,41.5745035522,2.4833567442
Pallaresos,41.173996332,1.272543456
Callús,41.7813451992,1.7839801111
Argentona,41.5555804387,2.4005788373
Torroella de Fluvià,42.1748243945,3.0409708384
Vinaixa,41.4277841543,0.9751242587
Odèn,42.1354731774,1.3881845486
Vilaller,42.4762668035,0.7165905908
Horta de Sant Joan,40.9538376162,0.3167967819
Vallcebre,42.2035507,1.8180608
Abrera,41.5160669381,1.901457284
Miralcamp,41.6064996679,0.8793705342
Godall,40.6555242196,0.4685311151
Arenys de Munt,41.6113917178,2.5395197339
Bescanó,41.9655087237,2.743202726
Sant Pere Sallavinera,41.7382011193,1.5755653834
Esquirol,42.0350761892,2.368362597
Bellmunt del Priorat,41.1639087613,0.7655509886
Duesaigües,41.1461049333,0.9307239008
Crespià,42.1877850824,2.7978194374
Riner,41.9435101781,1.5649962339
Morera de Montsant,41.2480780453,0.8113152984
Ogassa,42.2657902604,2.2770867205
Llívia,42.4649598704,1.9821548406
Catllar,41.1754600113,1.3262935518
Vallromanes,41.53178193,2.2981191652
Riba-roja d'Ebre,41.250705944,0.4876352183
Gisclareny,42.2502121,1.8660041
Gironella,42.0335140331,1.8827889804
Vallirana,41.3879476,1.9318337
Castellnou de Seana,41.6482688722,0.9711496267
Organyà,42.2085463362,1.3277786338
Masquefa,41.5021586,1.8113091
Ullastrell,41.527004659,1.9567237542
Calders,41.7892959149,1.9918959727
Miravet,41.0380213354,0.5975887841
Tavèrnoles,41.9531659798,2.3266645926
Sant Quintí de Mediona,41.4620598971,1.6628867798
Montblanc,41.3747828,1.1627453
Gallifa,41.6931569239,2.1154035219
Peramola,42.0575025302,1.2681069384
Mont-roig del Camp,41.0840936966,0.9572379037
Cruïlles Monells i Sant Sadurní de l'Heura,41.9561701,2.9906226
Oliana,42.0662792375,1.3130592329
Sallent,41.8242067084,1.8943237567
Térmens,41.7172517301,0.7605329449
Santa Llogaia d'Àlguema,42.2338584978,2.9532638193
Das,42.362661321,1.8720057751
Pallejà,41.4174888,1.9595245
Lluçà,42.0681648458,2.0733273872
Sant Julià de Vilatorta,41.9225256859,2.3255929206
Salt,41.9745711596,2.7930083428
Polinyà,41.5574977172,2.1562560666
Espunyola,42.0533614682,1.7711839292
Cubelles,41.2081850749,1.6724457008
Granyena de Segarra,41.6238423,1.2470969
Bellaguarda,41.3367880202,0.7385263259
Sant Adrià de Besòs,41.4300852616,2.2179985677
Riu de Cerdanya,42.3456389893,1.8262600449
Pobla de Montornès,41.1786677017,1.4145391636
Sant Quirze del Vallès,41.5330652898,2.0807466005
Colomers,42.0842168264,2.9873340088
Torregrossa,41.5801736197,0.8319083929
Guissona,41.7845899542,1.2880585361
Torrelles de Llobregat,41.3589182277,1.9812857375
Dosrius,41.5946878115,2.4058981622
Vinyols i els Arcs,41.1136659242,1.0392485389
Arenys de Mar,41.5795439,2.5513514
Rajadell,41.7276384349,1.7060407797
Aiguamúrcia,41.3463232354,1.3629514121
Sant Pol de Mar,41.6001564297,2.6213344267
Palafolls,41.6671142102,2.7492604463
Ascó,41.1808605212,0.5670995116
Granyanella,41.62327,1.24502
Sentiu de Sió,41.8052177063,0.877774049
Boadella i les Escaules,42.3322388,2.8591944
Torrelameu,41.703894759,0.7044551757
Malgrat de Mar,41.6458309092,2.7415123575
Vallgorguina,41.6474981815,2.5106076945
Fontanilles,42.0098932276,3.1072859944
Roquetes,40.8224848136,0.5038744298
Cellera de Ter,41.9672129686,2.6219197836
Talavera,41.5842519216,1.3390501508
Sant Llorenç d'Hortons,41.4680668532,1.8246009553
Esplugues de Llobregat,41.3765939787,2.085904663
Riudellots de la Selva,41.8937428292,2.8016694179
Riera de Gaià,41.1649287318,1.3616912169
Coma i la Pedra,42.1751962009,1.591017908
Blancafort,41.4378976503,1.1592745709
Tortosa,40.8109989429,0.5206321964
Renau,41.2267398294,1.312936567
Arbolí,41.2421931256,0.9486749315
Fatarella,41.1623859466,0.4730686336
Constantí,41.1530071925,1.2136958626
Sant Jordi Desvalls,42.0715585725,2.9529203046
Sora,42.1120025091,2.1605708716
Tivissa,41.0424048017,0.7327656869
Perafort,41.1901196,1.2551227
Castellví de Rosanes,41.449839959,1.899973748
Seròs,41.4638463898,0.4110664064
Flix,41.2311326173,0.5499703639
Santa Eugènia de Berga,41.9003981476,2.2830212659
Selva del Camp,41.2151675679,1.1369718442
Salomó,41.2290142563,1.3748348585
Puigverd de Lleida,41.5434430979,0.7332889701
Omellons,41.5024195206,0.9609074194
Mas de Barberans,40.7358107621,0.3730143561
Masies de Roda,41.9923366806,2.3184652586
Tremp,42.166879,0.896044
Pla del Penedès,41.4180738139,1.7107005563
Valls d'Aguilar,42.2938603035,1.3421299444
Meranges,42.4477297732,1.7885342115
Rabós,42.3792163766,3.028162085
Viladasens,42.0957519187,2.9302377399
Talamanca,41.7382261325,1.9773147786
Castellnou de Bages,41.8341587689,1.8371571801
Sant Martí de Centelles,41.7636228236,2.2512286537
Peralada,42.3080278276,3.007632623
Alp,42.3516090915,1.9029077377
Tornabous,41.7016514529,1.0529785501
Santa Maria de Miralles,41.5197203038,1.5276594594
Gimenells i el Pla de la Font,41.6524850281,0.3894837638
Vilopriu,42.1056905,2.9934954
Vall de Cardós,42.5635615015,1.226960149
Taradell,41.874370833,2.2872839632
Verges,42.0603594964,3.0468590803
Sant Joan de Vilatorrada,41.745676,1.8054902
Gualta,42.0284429597,3.1035417237
Pobla de Segur,42.24997,0.96909
Santa Eulàlia de Ronçana,41.6523554235,2.2292202246
Vila-sana,41.663384046,0.9272974412
Osor,41.9455737881,2.5570843984
Prat de Comte,40.9837083508,0.4052196994
Vilallonga de Ter,42.3316720724,2.3121132192
Bigues i Riells,41.6792814,2.2083448
Canet d'Adri,42.0333966746,2.7371617989
Canet de Mar,41.5883891,2.582129
Masroig,41.1265357105,0.7313128474
Bellcaire d'Empordà,42.0809692453,3.0944247363
Fogars de la Selva,41.734826088,2.671388309
Vall d'en Bas,42.1177626671,2.4591807511
Pau,42.3158116964,3.1172178062
Santa Coloma de Cervelló,41.3689027,2.0160603
Tordera,41.7015064905,2.7187257286
Castelldefels,41.2801450326,1.9767302235
Poal,41.67836,0.85692
Valls,41.2842672978,1.2476906078
Puigverd d'Agramunt,41.7778036267,1.1217445258
Navarcles,41.75149538,1.9039523913
Vilamòs,42.7494831207,0.7275900352
Ciutadilla,41.5616718209,1.1391469476
Riba,41.3182509404,1.177845977
Prats de Lluçanès,42.0070702,2.0309926
Morell,41.1920412823,1.208279959
Santa Coloma de Queralt,41.5529783531,1.418487233
Mollet de Peralada,42.3585137521,3.0003422175
Santa Maria de Martorelles,41.5198593948,2.2537001025
Garcia,41.1367266095,0.6488469389
Vall-llobrega,41.8804845466,3.1262819295
Riudaura,42.1886591234,2.4069101699
Sant Mori,42.156027089,2.9921321794
Gualba,41.7320243986,2.5018473344
Torroja del Priorat,41.2138889008,0.8102046092
Pera,42.0204917933,2.9733770484
Sant Miquel de Fluvià,42.1720998003,2.9919929624
Sant Feliu de Codines,41.68896,2.16444
